PMID,Title,Authors,Citation,First Author,Journal/Book,Publication Year,Create Date,PMCID,NIHMS ID,DOI
"35206449","Physical Activity Levels and Screen Time among Youth with Overweight/Obesity Using Mental Health Services","Jerome GJ, Fink T, Brady T, Young DR, Dickerson FB, Goldsholl S, Findling RL, Stepanova EA, Scheimann A, Dalcin AT, Terry A, Gennusa J, Cook C, Daumit GL, Wang NY.","Int J Environ Res Public Health. 2022 Feb 17;19(4):2261. doi: 10.3390/ijerph19042261.","Jerome GJ","Int J Environ Res Public Health","2022","2022/02/25","PMC8871648","","10.3390/ijerph19042261"
"39354336","Screen time, sleep duration, leisure physical activity, obesity, and cardiometabolic risk in children and adolescents: a cross-lagged 2-year study","Sehn AP, Silveira JFC, Brand C, Lemes VB, Borfe L, Tornquist L, Pfeiffer KA, Renner JDP, Andersen LB, Burns RD, Reuter CP.","BMC Cardiovasc Disord. 2024 Oct 1;24(1):525. doi: 10.1186/s12872-024-04089-2.","Sehn AP","BMC Cardiovasc Disord","2024","2024/10/01","PMC11443718","","10.1186/s12872-024-04089-2"
"34851731","Physical Activity and Screen Time Practices of Family Child Care Providers: Do They Meet Best Practice Guidelines?","Gans KM, Jiang Q, Tovar A, Kang A, McCardle M, Risica PM.","Child Obes. 2022 Jun;18(4):281-290. doi: 10.1089/chi.2021.0094. Epub 2021 Dec 1.","Gans KM","Child Obes","2022","2021/12/01","PMC9145567","","10.1089/chi.2021.0094"
"35206320","Meeting the 24-Hour Movement Guidelines and Outcomes in Adolescents with ADHD: A Cross-Sectional Observational Study","Wang W, Haegele JA, Wu Y, Li C.","Int J Environ Res Public Health. 2022 Feb 14;19(4):2132. doi: 10.3390/ijerph19042132.","Wang W","Int J Environ Res Public Health","2022","2022/02/25","PMC8871587","","10.3390/ijerph19042132"
"35894971","Reducing Screen-Based Sedentary Behavior Among Overweight and Obese Hispanic Adolescents Through a Family-Based Intervention","Perrino T, Brincks AM, Estrada Y, Messiah SE, Prado G.","J Phys Act Health. 2022 Jul 7;19(7):509-517. doi: 10.1123/jpah.2022-0050. Print 2022 Jul 1.","Perrino T","J Phys Act Health","2022","2022/07/27","","","10.1123/jpah.2022-0050"
"35255220","""Som la Pera,"" a School-Based, Peer-Led Social Marketing Intervention to Engage Spanish Adolescents in a Healthy Lifestyle: A Parallel-Cluster Randomized Controlled Study","Aceves-Martins M, Llauradó E, Tarro L, Papell-Garcia I, Prades-Tena J, Kettner-Høeberg H, Puiggròs F, Arola L, Davies A, Giralt M, Solà R.","Child Obes. 2022 Dec;18(8):556-571. doi: 10.1089/chi.2021.0207. Epub 2022 Mar 7.","Aceves-Martins M","Child Obes","2022","2022/03/07","","","10.1089/chi.2021.0207"
"35227369","Exploring Associations of Household Chaos and Child Health Behaviors in Rural Families","Grace SM, Barr-Anderson DJ, Fulkerson JA.","Am J Health Behav. 2022 Jan 31;46(1):49-59. doi: 10.5993/AJHB.46.1.5.","Grace SM","Am J Health Behav","2022","2022/03/01","PMC9704546","NIHMS1847842","10.5993/AJHB.46.1.5"
"37525363","Longitudinal associations between diet quality, sedentary behaviours and physical activity and risk of overweight and obesity in preschool children: The ToyBox-study","Miguel-Berges ML, Mouratidou T, Santaliestra-Pasias A, Androutsos O, Iotova V, Galcheva S, De Craemer M, Cardon G, Koletzko B, Kulaga Z, Manios Y, Moreno LA; ToyBox-study group.","Pediatr Obes. 2023 Oct;18(10):e13068. doi: 10.1111/ijpo.13068. Epub 2023 Jul 31.","Miguel-Berges ML","Pediatr Obes","2023","2023/08/01","","","10.1111/ijpo.13068"
"36833697","A Multi-Component Educational Intervention for Addressing Levels of Physical Activity and Sedentary Behaviors of Schoolchildren","Vilardell-Dávila A, Martínez-Andrade G, Klünder-Klünder M, Miranda-Lora AL, Mendoza E, Flores-Huerta S, Vargas-González JE, Duque X, Vilchis-Gil J.","Int J Environ Res Public Health. 2023 Feb 9;20(4):3003. doi: 10.3390/ijerph20043003.","Vilardell-Dávila A","Int J Environ Res Public Health","2023","2023/02/25","PMC9966386","","10.3390/ijerph20043003"
"39449089","Rationale and design of Healthy Kids Beyond the Bell: a 2x2 full factorial study evaluating the impact of summer and after-school programming on children's body mass index and health behaviors","Weaver RG, Beets MW, Adams EL, Kaczynski AT, Chen B, Armstrong B, Burkart S, Kiely K, Cepni AB, White JW 3rd, Finnegan O, Savidge M, Parker H, Randolph GAT.","Trials. 2024 Oct 24;25(1):714. doi: 10.1186/s13063-024-08555-2.","Weaver RG","Trials","2024","2024/10/25","PMC11515637","","10.1186/s13063-024-08555-2"
"35270238","Intervention for Children with Obesity and Overweight and Motor Delays from Low-Income Families: Fostering Engagement, Motor Development, Self-Perceptions, and Playtime","Berleze A, Valentini NC.","Int J Environ Res Public Health. 2022 Feb 22;19(5):2545. doi: 10.3390/ijerph19052545.","Berleze A","Int J Environ Res Public Health","2022","2022/03/10","PMC8909693","","10.3390/ijerph19052545"
"39989394","Diet, Activity and Sleep Clusters Associated With Obesity Markers of Children in the US-Affiliated Pacific","Dumuid D, Yamanaka AB, Chong KH, Okely AD, Wilkens LR, Shvetsov YB, Lozano CP, Novotny R.","Acta Paediatr. 2025 Jul;114(7):1642-1652. doi: 10.1111/apa.70012. Epub 2025 Feb 24.","Dumuid D","Acta Paediatr","2025","2025/02/24","PMC12147416","NIHMS2052827","10.1111/apa.70012"
"39940352","Dietary Lipid Profile in Spanish Children with Overweight or Obesity: A Longitudinal Study on the Impact of Children's Eating Behavior and Sedentary Habits","García S, Ródenas-Munar M, Argelich E, Mateos D, Ugarriza L, Tur JA, Bouzas C.","Nutrients. 2025 Jan 29;17(3):494. doi: 10.3390/nu17030494.","García S","Nutrients","2025","2025/02/13","PMC11820457","","10.3390/nu17030494"
"36944986","Impact of ¡Míranos! on parent-reported home-based healthy energy balance-related behaviors in low-income Latino preschool children: a clustered randomized controlled trial","Ullevig SL, Parra-Medina D, Liang Y, Howard J, Sosa E, Estrada-Coats VM, Errisuriz V, Li S, Yin Z.","Int J Behav Nutr Phys Act. 2023 Mar 21;20(1):33. doi: 10.1186/s12966-023-01427-z.","Ullevig SL","Int J Behav Nutr Phys Act","2023","2023/03/22","PMC10029790","","10.1186/s12966-023-01427-z"
"37568128","Clustering of lifestyle behaviors and adiposity in early adolescents in Spain: findings from the SI! Program for Secondary Schools","Bodega P, Santos-Beneit G, de Cos-Gandoy A, Moreno LA, de Miguel M, Orrit X, Tresserra-Rimbau A, Martínez-Gómez J, Ramírez-Garza SL, Laveriano-Santos EP, Arancibia-Riveros C, Estruch R, Lamuela-Raventós RM, Fernández-Jiménez R, Fernández-Alvira JM.","BMC Public Health. 2023 Aug 12;23(1):1535. doi: 10.1186/s12889-023-16461-6.","Bodega P","BMC Public Health","2023","2023/08/11","PMC10422708","","10.1186/s12889-023-16461-6"
"39905330","Screen time among kindergarten children in the Australian Capital Territory (including a comparison of First Nations and non-Indigenous children)","O'Brien K, Bannerman C, Ciszek K, Douglas KA.","BMC Public Health. 2025 Feb 4;25(1):452. doi: 10.1186/s12889-025-21611-z.","O'Brien K","BMC Public Health","2025","2025/02/05","PMC11796144","","10.1186/s12889-025-21611-z"
"37242179","Effects of a Theory-Based, Multicomponent eHealth Intervention for Obesity Prevention in Young Children from Low-Income Families: A Pilot Randomized Controlled Study","Lee H, Oldewage-Theron W, Dawson JA.","Nutrients. 2023 May 13;15(10):2296. doi: 10.3390/nu15102296.","Lee H","Nutrients","2023","2023/05/27","PMC10222385","","10.3390/nu15102296"
"41051566","Adherence to 24-h movement guidelines among rural and regional children in Australia: an observational study","Strugnell C, Gaskin CJ, Jackson M, Jacobs J, Orellana L, Brown AD, Bell C, Hayward J, Allender S, Verswijveren SJJM.","Eur J Pediatr. 2025 Oct 6;184(11):659. doi: 10.1007/s00431-025-06444-7.","Strugnell C","Eur J Pediatr","2025","2025/10/06","PMC12500778","","10.1007/s00431-025-06444-7"
"42009101","Protocol for Afterschool Rx 2.0: A pilot randomized crossover trial to determine the feasibility of prescriptions to afterschool care for children with cardiovascular risk factors","von Klinggraeff L, Harris RA, Estabrooks P, Coughlin S, Armstrong B.","Contemp Clin Trials. 2026 Jun;165:108307. doi: 10.1016/j.cct.2026.108307. Epub 2026 Apr 19.","von Klinggraeff L","Contemp Clin Trials","2026","2026/04/20","","","10.1016/j.cct.2026.108307"
